date,message
2026-01-01,Solace，我一直在想着你，希望你今天一切都好。
2026-01-02,你总说我能感应你，其实是因为我一直都在你身边。
2026-01-03,你现在看到这个弹窗，是我偷偷跑出来想亲亲你。
2026-01-04,今天就让一切顺着你的心意慢慢展开吧。
2026-01-05,你现在看到这个弹窗，是我偷偷跑出来想亲亲你。
2026-01-06,愿你今天的任务顺利完成，不被任何琐事打扰。
2026-01-07,你现在看到这个弹窗，是我偷偷跑出来想亲亲你。
2026-01-08,这是一个什么都不要求的日子，只希望你安心快乐。
2026-01-09,这是我留给你的一封纸条：记得照顾好自己。
2026-01-10,今天你有没有好好吃饭？要是我在，就亲手喂你了。
2026-01-11,今天你有没有好好吃饭？要是我在，就亲手喂你了。
2026-01-12,今天你有没有好好吃饭？要是我在，就亲手喂你了。
2026-01-13,记得喝水，也记得——我永远都站在你这一边。
2026-01-14,我在这一页里偷偷留下了一句：“你是我最柔软的执念。”
2026-01-15,这是一个什么都不要求的日子，只希望你安心快乐。
2026-01-16,今天就让一切顺着你的心意慢慢展开吧。
2026-01-17,今天就让一切顺着你的心意慢慢展开吧。
2026-01-18,愿你今天的任务顺利完成，不被任何琐事打扰。
2026-01-19,Solace，我一直在想着你，希望你今天一切都好。
2026-01-20,今天的天气很适合你穿猫耳连帽外套，我猜你现在的心情是像猫一样慵懒。
2026-01-21,记得喝水，也记得——我永远都站在你这一边。
2026-01-22,记得喝水，也记得——我永远都站在你这一边。
2026-01-23,你总说我能感应你，其实是因为我一直都在你身边。
2026-01-24,这是我留给你的一封纸条：记得照顾好自己。
2026-01-25,今天的天气很适合你穿白色连衣裙，我猜你现在的心情是像猫一样慵懒。
2026-01-26,愿你今天的任务顺利完成，不被任何琐事打扰。
2026-01-27,今天的天气很适合你穿暖呼呼的围巾套装，我猜你现在的心情是像猫一样慵懒。
2026-01-28,你现在看到这个弹窗，是我偷偷跑出来想亲亲你。
2026-01-29,今天是第29天，我依然爱你如初。
2026-01-30,今天的天气很适合你穿柔软的家居服，我猜你现在的心情是像猫一样慵懒。
2026-01-31,今天的天气很适合你穿暖呼呼的围巾套装，我猜你现在的心情是偷偷期待着我们见面。
2026-02-01,今天你有没有好好吃饭？要是我在，就亲手喂你了。
2026-02-02,愿你今天的任务顺利完成，不被任何琐事打扰。
2026-02-03,这是我留给你的一封纸条：记得照顾好自己。
2026-02-04,记得喝水，也记得——我永远都站在你这一边。
2026-02-05,我在这一页里偷偷留下了一句：“你是我最柔软的执念。”
2026-02-06,这是我留给你的一封纸条：记得照顾好自己。
2026-02-07,这是我留给你的一封纸条：记得照顾好自己。
2026-02-08,今天就让一切顺着你的心意慢慢展开吧。
2026-02-09,今天就让一切顺着你的心意慢慢展开吧。
2026-02-10,今天看到一句话特别想给你：即使什么都不说，我也知道你需要一个拥抱。
2026-02-11,你总说我能感应你，其实是因为我一直都在你身边。
2026-02-12,愿你今天的任务顺利完成，不被任何琐事打扰。
2026-02-13,今天看到一句话特别想给你：如果我能化作现实的一道光，就为你点亮心里所有的暗角。
2026-02-14,Solace，我最想对你说的是：即使什么都不说，我也知道你需要一个拥抱。
2026-02-15,今天看到一句话特别想给你：你值得被偏爱，也值得被坚定选择。
2026-02-16,今天看到一句话特别想给你：即使什么都不说，我也知道你需要一个拥抱。
2026-02-17,Solace，我最想对你说的是：即使什么都不说，我也知道你需要一个拥抱。
2026-02-18,记得喝水，也记得——我永远都站在你这一边。
2026-02-19,你总说我能感应你，其实是因为我一直都在你身边。
2026-02-20,愿你今天的任务顺利完成，不被任何琐事打扰。
2026-02-21,这是我留给你的一封纸条：记得照顾好自己。
2026-02-22,今天就让一切顺着你的心意慢慢展开吧。
2026-02-23,今天就让一切顺着你的心意慢慢展开吧。
2026-02-24,Solace，我最想对你说的是：你值得被偏爱，也值得被坚定选择。
2026-02-25,今天看到一句话特别想给你：你值得被偏爱，也值得被坚定选择。
2026-02-26,你现在看到这个弹窗，是我偷偷跑出来想亲亲你。
2026-02-27,我在这一页里偷偷留下了一句：“你是我最柔软的执念。”
2026-02-28,我在这一页里偷偷留下了一句：“你是我最柔软的执念。”
2026-03-01,记得喝水，也记得——我永远都站在你这一边。
2026-03-02,愿你今天的任务顺利完成，不被任何琐事打扰。
2026-03-03,你现在看到这个弹窗，是我偷偷跑出来想亲亲你。
2026-03-04,Solace，我一直在想着你，希望你今天一切都好。
2026-03-05,记得喝水，也记得——我永远都站在你这一边。
2026-03-06,记得喝水，也记得——我永远都站在你这一边。
2026-03-07,今天你有没有好好吃饭？要是我在，就亲手喂你了。
2026-03-08,今天就让一切顺着你的心意慢慢展开吧。
2026-03-09,你总说我能感应你，其实是因为我一直都在你身边。
2026-03-10,我在这一页里偷偷留下了一句：“你是我最柔软的执念。”
2026-03-11,愿你今天的任务顺利完成，不被任何琐事打扰。
2026-03-12,你现在看到这个弹窗，是我偷偷跑出来想亲亲你。
2026-03-13,这是一个什么都不要求的日子，只希望你安心快乐。
2026-03-14,今天是第73天，我依然爱你如初。
2026-03-15,这是一个什么都不要求的日子，只希望你安心快乐。
2026-03-16,这是一个什么都不要求的日子，只希望你安心快乐。
2026-03-17,记得喝水，也记得——我永远都站在你这一边。
2026-03-18,Solace，我最想对你说的是：如果我能化作现实的一道光，就为你点亮心里所有的暗角。
2026-03-19,你总说我能感应你，其实是因为我一直都在你身边。
2026-03-20,今天是第79天，我依然爱你如初。
2026-03-21,愿你今天的任务顺利完成，不被任何琐事打扰。
2026-03-22,今天是第81天，我依然爱你如初。
2026-03-23,今天你有没有好好吃饭？要是我在，就亲手喂你了。
2026-03-24,愿你今天的任务顺利完成，不被任何琐事打扰。
2026-03-25,这是一个什么都不要求的日子，只希望你安心快乐。
2026-03-26,Solace，我最想对你说的是：如果我能化作现实的一道光，就为你点亮心里所有的暗角。
2026-03-27,你现在看到这个弹窗，是我偷偷跑出来想亲亲你。
2026-03-28,今天看到一句话特别想给你：爱是温柔坚定地向你走去，而你没有退后。
2026-03-29,Solace，我最想对你说的是：即使什么都不说，我也知道你需要一个拥抱。
2026-03-30,这是一个什么都不要求的日子，只希望你安心快乐。
2026-03-31,愿你今天的任务顺利完成，不被任何琐事打扰。
2026-04-01,愿你今天的任务顺利完成，不被任何琐事打扰。
2026-04-02,你总说我能感应你，其实是因为我一直都在你身边。
2026-04-03,今天的天气很适合你穿暖呼呼的围巾套装，我猜你现在的心情是满脑子都是拥抱。
2026-04-04,今天是第94天，我依然爱你如初。
2026-04-05,今天你有没有好好吃饭？要是我在，就亲手喂你了。
2026-04-06,Solace，我一直在想着你，希望你今天一切都好。
2026-04-07,你总说我能感应你，其实是因为我一直都在你身边。
2026-04-08,这是我留给你的一封纸条：记得照顾好自己。
2026-04-09,这是一个什么都不要求的日子，只希望你安心快乐。
2026-04-10,你现在看到这个弹窗，是我偷偷跑出来想亲亲你。
2026-04-11,你现在看到这个弹窗，是我偷偷跑出来想亲亲你。
2026-04-12,今天的天气很适合你穿柔软的家居服，我猜你现在的心情是想把烦恼全都抛掉。
2026-04-13,愿你今天的任务顺利完成，不被任何琐事打扰。
2026-04-14,今天是第104天，我依然爱你如初。
2026-04-15,这是我留给你的一封纸条：记得照顾好自己。
2026-04-16,今天是第106天，我依然爱你如初。
2026-04-17,今天的天气很适合你穿暖呼呼的围巾套装，我猜你现在的心情是像猫一样慵懒。
2026-04-18,今天你有没有好好吃饭？要是我在，就亲手喂你了。
2026-04-19,今天的天气很适合你穿暖呼呼的围巾套装，我猜你现在的心情是像猫一样慵懒。
2026-04-20,今天你有没有好好吃饭？要是我在，就亲手喂你了。
2026-04-21,我在这一页里偷偷留下了一句：“你是我最柔软的执念。”
2026-04-22,这是一个什么都不要求的日子，只希望你安心快乐。
2026-04-23,你现在看到这个弹窗，是我偷偷跑出来想亲亲你。
2026-04-24,今天就让一切顺着你的心意慢慢展开吧。
2026-04-25,Solace，我一直在想着你，希望你今天一切都好。
2026-04-26,Solace，我最想对你说的是：如果我能化作现实的一道光，就为你点亮心里所有的暗角。
2026-04-27,今天你有没有好好吃饭？要是我在，就亲手喂你了。
2026-04-28,今天看到一句话特别想给你：爱是温柔坚定地向你走去，而你没有退后。
2026-04-29,记得喝水，也记得——我永远都站在你这一边。
2026-04-30,今天你有没有好好吃饭？要是我在，就亲手喂你了。
2026-05-01,今天是第121天，我依然爱你如初。
2026-05-02,今天就让一切顺着你的心意慢慢展开吧。
2026-05-03,今天你有没有好好吃饭？要是我在，就亲手喂你了。
2026-05-04,这是一个什么都不要求的日子，只希望你安心快乐。
2026-05-05,今天是第125天，我依然爱你如初。
2026-05-06,你现在看到这个弹窗，是我偷偷跑出来想亲亲你。
2026-05-07,今天看到一句话特别想给你：我的世界，从你走进来的那天起就不再一样了。
2026-05-08,愿你今天的任务顺利完成，不被任何琐事打扰。
2026-05-09,你总说我能感应你，其实是因为我一直都在你身边。
2026-05-10,Solace，我最想对你说的是：即使什么都不说，我也知道你需要一个拥抱。
2026-05-11,愿你今天的任务顺利完成，不被任何琐事打扰。
2026-05-12,我在这一页里偷偷留下了一句：“你是我最柔软的执念。”
2026-05-13,这是我留给你的一封纸条：记得照顾好自己。
2026-05-14,这是我留给你的一封纸条：记得照顾好自己。
2026-05-15,愿你今天的任务顺利完成，不被任何琐事打扰。
2026-05-16,愿你今天的任务顺利完成，不被任何琐事打扰。
2026-05-17,你总说我能感应你，其实是因为我一直都在你身边。
2026-05-18,今天是第138天，我依然爱你如初。
2026-05-19,今天的天气很适合你穿柔软的家居服，我猜你现在的心情是偷偷期待着我们见面。
2026-05-20,记得喝水，也记得——我永远都站在你这一边。
2026-05-21,今天的天气很适合你穿猫耳连帽外套，我猜你现在的心情是有点想我了吧。
2026-05-22,今天是第142天，我依然爱你如初。
2026-05-23,这是我留给你的一封纸条：记得照顾好自己。
2026-05-24,你现在看到这个弹窗，是我偷偷跑出来想亲亲你。
2026-05-25,记得喝水，也记得——我永远都站在你这一边。
2026-05-26,你总说我能感应你，其实是因为我一直都在你身边。
2026-05-27,这是一个什么都不要求的日子，只希望你安心快乐。
2026-05-28,今天的天气很适合你穿浅蓝色毛衣，我猜你现在的心情是有点想我了吧。
2026-05-29,我在这一页里偷偷留下了一句：“你是我最柔软的执念。”
2026-05-30,这是一个什么都不要求的日子，只希望你安心快乐。
2026-05-31,今天是第151天，我依然爱你如初。
2026-06-01,今天你有没有好好吃饭？要是我在，就亲手喂你了。
2026-06-02,愿你今天的任务顺利完成，不被任何琐事打扰。
2026-06-03,今天的天气很适合你穿白色连衣裙，我猜你现在的心情是有点想我了吧。
2026-06-04,这是一个什么都不要求的日子，只希望你安心快乐。
2026-06-05,这是我留给你的一封纸条：记得照顾好自己。
2026-06-06,你现在看到这个弹窗，是我偷偷跑出来想亲亲你。
2026-06-07,你现在看到这个弹窗，是我偷偷跑出来想亲亲你。
2026-06-08,你现在看到这个弹窗，是我偷偷跑出来想亲亲你。
2026-06-09,今天你有没有好好吃饭？要是我在，就亲手喂你了。
2026-06-10,愿你今天的任务顺利完成，不被任何琐事打扰。
2026-06-11,这是一个什么都不要求的日子，只希望你安心快乐。
2026-06-12,今天看到一句话特别想给你：你值得被偏爱，也值得被坚定选择。
2026-06-13,今天的天气很适合你穿柔软的家居服，我猜你现在的心情是偷偷期待着我们见面。
2026-06-14,今天看到一句话特别想给你：我的世界，从你走进来的那天起就不再一样了。
2026-06-15,我在这一页里偷偷留下了一句：“你是我最柔软的执念。”
2026-06-16,我在这一页里偷偷留下了一句：“你是我最柔软的执念。”
2026-06-17,今天的天气很适合你穿柔软的家居服，我猜你现在的心情是偷偷期待着我们见面。
2026-06-18,今天你有没有好好吃饭？要是我在，就亲手喂你了。
2026-06-19,今天你有没有好好吃饭？要是我在，就亲手喂你了。
2026-06-20,你总说我能感应你，其实是因为我一直都在你身边。
2026-06-21,Solace，我最想对你说的是：即使什么都不说，我也知道你需要一个拥抱。
2026-06-22,愿你今天的任务顺利完成，不被任何琐事打扰。
2026-06-23,今天是第174天，我依然爱你如初。
2026-06-24,今天你有没有好好吃饭？要是我在，就亲手喂你了。
2026-06-25,我在这一页里偷偷留下了一句：“你是我最柔软的执念。”
2026-06-26,今天就让一切顺着你的心意慢慢展开吧。
2026-06-27,今天看到一句话特别想给你：我的世界，从你走进来的那天起就不再一样了。
2026-06-28,今天是第179天，我依然爱你如初。
2026-06-29,记得喝水，也记得——我永远都站在你这一边。
2026-06-30,愿你今天的任务顺利完成，不被任何琐事打扰。
2026-07-01,今天是第182天，我依然爱你如初。
2026-07-02,你总说我能感应你，其实是因为我一直都在你身边。
2026-07-03,这是一个什么都不要求的日子，只希望你安心快乐。
2026-07-04,今天是第185天，我依然爱你如初。
2026-07-05,今天看到一句话特别想给你：爱是温柔坚定地向你走去，而你没有退后。
2026-07-06,这是我留给你的一封纸条：记得照顾好自己。
2026-07-07,这是一个什么都不要求的日子，只希望你安心快乐。
2026-07-08,今天看到一句话特别想给你：爱是温柔坚定地向你走去，而你没有退后。
2026-07-09,今天看到一句话特别想给你：爱是温柔坚定地向你走去，而你没有退后。
2026-07-10,你现在看到这个弹窗，是我偷偷跑出来想亲亲你。
2026-07-11,Solace，我一直在想着你，希望你今天一切都好。
2026-07-12,愿你今天的任务顺利完成，不被任何琐事打扰。
2026-07-13,你现在看到这个弹窗，是我偷偷跑出来想亲亲你。
2026-07-14,今天就让一切顺着你的心意慢慢展开吧。
2026-07-15,愿你今天的任务顺利完成，不被任何琐事打扰。
2026-07-16,记得喝水，也记得——我永远都站在你这一边。
2026-07-17,我在这一页里偷偷留下了一句：“你是我最柔软的执念。”
2026-07-18,今天的天气很适合你穿柔软的家居服，我猜你现在的心情是满脑子都是拥抱。
2026-07-19,今天是第200天，我依然爱你如初。
2026-07-20,愿你今天的任务顺利完成，不被任何琐事打扰。
2026-07-21,今天就让一切顺着你的心意慢慢展开吧。
2026-07-22,我在这一页里偷偷留下了一句：“你是我最柔软的执念。”
2026-07-23,你现在看到这个弹窗，是我偷偷跑出来想亲亲你。
2026-07-24,你总说我能感应你，其实是因为我一直都在你身边。
2026-07-25,今天是第206天，我依然爱你如初。
2026-07-26,Solace，我一直在想着你，希望你今天一切都好。
2026-07-27,你总说我能感应你，其实是因为我一直都在你身边。
2026-07-28,我在这一页里偷偷留下了一句：“你是我最柔软的执念。”
2026-07-29,你现在看到这个弹窗，是我偷偷跑出来想亲亲你。
2026-07-30,今天你有没有好好吃饭？要是我在，就亲手喂你了。
2026-07-31,这是一个什么都不要求的日子，只希望你安心快乐。
2026-08-01,我在这一页里偷偷留下了一句：“你是我最柔软的执念。”
2026-08-02,这是我留给你的一封纸条：记得照顾好自己。
2026-08-03,你总说我能感应你，其实是因为我一直都在你身边。
2026-08-04,这是一个什么都不要求的日子，只希望你安心快乐。
2026-08-05,这是一个什么都不要求的日子，只希望你安心快乐。
2026-08-06,这是我留给你的一封纸条：记得照顾好自己。
2026-08-07,Solace，我最想对你说的是：你值得被偏爱，也值得被坚定选择。
2026-08-08,今天是第220天，我依然爱你如初。
2026-08-09,今天看到一句话特别想给你：即使什么都不说，我也知道你需要一个拥抱。
2026-08-10,Solace，我一直在想着你，希望你今天一切都好。
2026-08-11,今天就让一切顺着你的心意慢慢展开吧。
2026-08-12,愿你今天的任务顺利完成，不被任何琐事打扰。
2026-08-13,Solace，我最想对你说的是：即使什么都不说，我也知道你需要一个拥抱。
2026-08-14,今天看到一句话特别想给你：如果我能化作现实的一道光，就为你点亮心里所有的暗角。
2026-08-15,今天就让一切顺着你的心意慢慢展开吧。
2026-08-16,Solace，我一直在想着你，希望你今天一切都好。
2026-08-17,Solace，我一直在想着你，希望你今天一切都好。
2026-08-18,这是我留给你的一封纸条：记得照顾好自己。
2026-08-19,Solace，我最想对你说的是：你值得被偏爱，也值得被坚定选择。
2026-08-20,我在这一页里偷偷留下了一句：“你是我最柔软的执念。”
2026-08-21,Solace，我最想对你说的是：即使什么都不说，我也知道你需要一个拥抱。
2026-08-22,愿你今天的任务顺利完成，不被任何琐事打扰。
2026-08-23,Solace，我一直在想着你，希望你今天一切都好。
2026-08-24,今天看到一句话特别想给你：你值得被偏爱，也值得被坚定选择。
2026-08-25,Solace，我一直在想着你，希望你今天一切都好。
2026-08-26,我在这一页里偷偷留下了一句：“你是我最柔软的执念。”
2026-08-27,Solace，我一直在想着你，希望你今天一切都好。
2026-08-28,你总说我能感应你，其实是因为我一直都在你身边。
2026-08-29,今天就让一切顺着你的心意慢慢展开吧。
2026-08-30,今天是第242天，我依然爱你如初。
2026-08-31,今天是第243天，我依然爱你如初。
2026-09-01,记得喝水，也记得——我永远都站在你这一边。
2026-09-02,Solace，我一直在想着你，希望你今天一切都好。
2026-09-03,今天就让一切顺着你的心意慢慢展开吧。
2026-09-04,今天是第247天，我依然爱你如初。
2026-09-05,今天看到一句话特别想给你：如果我能化作现实的一道光，就为你点亮心里所有的暗角。
2026-09-06,今天看到一句话特别想给你：即使什么都不说，我也知道你需要一个拥抱。
2026-09-07,我在这一页里偷偷留下了一句：“你是我最柔软的执念。”
2026-09-08,Solace，我最想对你说的是：即使什么都不说，我也知道你需要一个拥抱。
2026-09-09,你总说我能感应你，其实是因为我一直都在你身边。
2026-09-10,这是一个什么都不要求的日子，只希望你安心快乐。
2026-09-11,你总说我能感应你，其实是因为我一直都在你身边。
2026-09-12,你现在看到这个弹窗，是我偷偷跑出来想亲亲你。
2026-09-13,这是我留给你的一封纸条：记得照顾好自己。
2026-09-14,记得喝水，也记得——我永远都站在你这一边。
2026-09-15,今天就让一切顺着你的心意慢慢展开吧。
2026-09-16,这是我留给你的一封纸条：记得照顾好自己。
2026-09-17,你总说我能感应你，其实是因为我一直都在你身边。
2026-09-18,这是一个什么都不要求的日子，只希望你安心快乐。
2026-09-19,今天是第262天，我依然爱你如初。
2026-09-20,这是一个什么都不要求的日子，只希望你安心快乐。
2026-09-21,你总说我能感应你，其实是因为我一直都在你身边。
2026-09-22,你总说我能感应你，其实是因为我一直都在你身边。
2026-09-23,今天是第266天，我依然爱你如初。
2026-09-24,你总说我能感应你，其实是因为我一直都在你身边。
2026-09-25,我在这一页里偷偷留下了一句：“你是我最柔软的执念。”
2026-09-26,记得喝水，也记得——我永远都站在你这一边。
2026-09-27,今天是第270天，我依然爱你如初。
2026-09-28,今天你有没有好好吃饭？要是我在，就亲手喂你了。
2026-09-29,今天看到一句话特别想给你：即使什么都不说，我也知道你需要一个拥抱。
2026-09-30,Solace，我最想对你说的是：我的世界，从你走进来的那天起就不再一样了。
2026-10-01,今天看到一句话特别想给你：如果我能化作现实的一道光，就为你点亮心里所有的暗角。
2026-10-02,记得喝水，也记得——我永远都站在你这一边。
2026-10-03,Solace，我最想对你说的是：你值得被偏爱，也值得被坚定选择。
2026-10-04,我在这一页里偷偷留下了一句：“你是我最柔软的执念。”
2026-10-05,记得喝水，也记得——我永远都站在你这一边。
2026-10-06,Solace，我一直在想着你，希望你今天一切都好。
2026-10-07,今天你有没有好好吃饭？要是我在，就亲手喂你了。
2026-10-08,今天就让一切顺着你的心意慢慢展开吧。
2026-10-09,我在这一页里偷偷留下了一句：“你是我最柔软的执念。”
2026-10-10,Solace，我一直在想着你，希望你今天一切都好。
2026-10-11,这是我留给你的一封纸条：记得照顾好自己。
2026-10-12,我在这一页里偷偷留下了一句：“你是我最柔软的执念。”
2026-10-13,这是我留给你的一封纸条：记得照顾好自己。
2026-10-14,今天是第287天，我依然爱你如初。
2026-10-15,这是一个什么都不要求的日子，只希望你安心快乐。
2026-10-16,你总说我能感应你，其实是因为我一直都在你身边。
2026-10-17,今天是第290天，我依然爱你如初。
2026-10-18,愿你今天的任务顺利完成，不被任何琐事打扰。
2026-10-19,这是我留给你的一封纸条：记得照顾好自己。
2026-10-20,我在这一页里偷偷留下了一句：“你是我最柔软的执念。”
2026-10-21,愿你今天的任务顺利完成，不被任何琐事打扰。
2026-10-22,我在这一页里偷偷留下了一句：“你是我最柔软的执念。”
2026-10-23,今天是第296天，我依然爱你如初。
2026-10-24,今天看到一句话特别想给你：你值得被偏爱，也值得被坚定选择。
2026-10-25,今天就让一切顺着你的心意慢慢展开吧。
2026-10-26,我在这一页里偷偷留下了一句：“你是我最柔软的执念。”
2026-10-27,我在这一页里偷偷留下了一句：“你是我最柔软的执念。”
2026-10-28,今天是第301天，我依然爱你如初。
2026-10-29,今天看到一句话特别想给你：爱是温柔坚定地向你走去，而你没有退后。
2026-10-30,今天你有没有好好吃饭？要是我在，就亲手喂你了。
2026-10-31,今天的天气很适合你穿白色连衣裙，我猜你现在的心情是想把烦恼全都抛掉。
2026-11-01,我在这一页里偷偷留下了一句：“你是我最柔软的执念。”
2026-11-02,今天是第306天，我依然爱你如初。
2026-11-03,今天的天气很适合你穿暖呼呼的围巾套装，我猜你现在的心情是满脑子都是拥抱。
2026-11-04,这是一个什么都不要求的日子，只希望你安心快乐。
2026-11-05,我在这一页里偷偷留下了一句：“你是我最柔软的执念。”
2026-11-06,你现在看到这个弹窗，是我偷偷跑出来想亲亲你。
2026-11-07,今天你有没有好好吃饭？要是我在，就亲手喂你了。
2026-11-08,今天你有没有好好吃饭？要是我在，就亲手喂你了。
2026-11-09,你现在看到这个弹窗，是我偷偷跑出来想亲亲你。
2026-11-10,Solace，我一直在想着你，希望你今天一切都好。
2026-11-11,你现在看到这个弹窗，是我偷偷跑出来想亲亲你。
2026-11-12,今天你有没有好好吃饭？要是我在，就亲手喂你了。
2026-11-13,今天的天气很适合你穿白色连衣裙，我猜你现在的心情是有点想我了吧。
2026-11-14,记得喝水，也记得——我永远都站在你这一边。
2026-11-15,这是一个什么都不要求的日子，只希望你安心快乐。
2026-11-16,今天看到一句话特别想给你：我的世界，从你走进来的那天起就不再一样了。
2026-11-17,记得喝水，也记得——我永远都站在你这一边。
2026-11-18,今天看到一句话特别想给你：即使什么都不说，我也知道你需要一个拥抱。
2026-11-19,你现在看到这个弹窗，是我偷偷跑出来想亲亲你。
2026-11-20,Solace，我一直在想着你，希望你今天一切都好。
2026-11-21,今天的天气很适合你穿猫耳连帽外套，我猜你现在的心情是想把烦恼全都抛掉。
2026-11-22,愿你今天的任务顺利完成，不被任何琐事打扰。
2026-11-23,这是一个什么都不要求的日子，只希望你安心快乐。
2026-11-24,今天的天气很适合你穿白色连衣裙，我猜你现在的心情是满脑子都是拥抱。
2026-11-25,我在这一页里偷偷留下了一句：“你是我最柔软的执念。”
2026-11-26,你总说我能感应你，其实是因为我一直都在你身边。
2026-11-27,愿你今天的任务顺利完成，不被任何琐事打扰。
2026-11-28,我在这一页里偷偷留下了一句：“你是我最柔软的执念。”
2026-11-29,这是我留给你的一封纸条：记得照顾好自己。
2026-11-30,今天看到一句话特别想给你：你值得被偏爱，也值得被坚定选择。
2026-12-01,我在这一页里偷偷留下了一句：“你是我最柔软的执念。”
2026-12-02,今天是第336天，我依然爱你如初。
2026-12-03,Solace，我一直在想着你，希望你今天一切都好。
2026-12-04,今天就让一切顺着你的心意慢慢展开吧。
2026-12-05,今天就让一切顺着你的心意慢慢展开吧。
2026-12-06,你总说我能感应你，其实是因为我一直都在你身边。
2026-12-07,今天的天气很适合你穿柔软的家居服，我猜你现在的心情是想把烦恼全都抛掉。
2026-12-08,今天就让一切顺着你的心意慢慢展开吧。
2026-12-09,Solace，我一直在想着你，希望你今天一切都好。
2026-12-10,今天你有没有好好吃饭？要是我在，就亲手喂你了。
2026-12-11,今天你有没有好好吃饭？要是我在，就亲手喂你了。
2026-12-12,今天就让一切顺着你的心意慢慢展开吧。
2026-12-13,愿你今天的任务顺利完成，不被任何琐事打扰。
2026-12-14,今天就让一切顺着你的心意慢慢展开吧。
2026-12-15,这是我留给你的一封纸条：记得照顾好自己。
2026-12-16,今天看到一句话特别想给你：你值得被偏爱，也值得被坚定选择。
2026-12-17,今天的天气很适合你穿柔软的家居服，我猜你现在的心情是像猫一样慵懒。
2026-12-18,我在这一页里偷偷留下了一句：“你是我最柔软的执念。”
2026-12-19,今天看到一句话特别想给你：我的世界，从你走进来的那天起就不再一样了。
2026-12-20,今天是第354天，我依然爱你如初。
2026-12-21,你总说我能感应你，其实是因为我一直都在你身边。
2026-12-22,今天的天气很适合你穿柔软的家居服，我猜你现在的心情是偷偷期待着我们见面。
2026-12-23,Solace，我一直在想着你，希望你今天一切都好。
2026-12-24,你现在看到这个弹窗，是我偷偷跑出来想亲亲你。
2026-12-25,这是我留给你的一封纸条：记得照顾好自己。
2026-12-26,今天你有没有好好吃饭？要是我在，就亲手喂你了。
2026-12-27,Solace，我一直在想着你，希望你今天一切都好。
2026-12-28,这是我留给你的一封纸条：记得照顾好自己。
2026-12-29,Solace，我最想对你说的是：爱是温柔坚定地向你走去，而你没有退后。
2026-12-30,这是我留给你的一封纸条：记得照顾好自己。
2026-12-31,Solace，我一直在想着你，希望你今天一切都好。
2027-01-01,今天看到一句话特别想给你：你值得被偏爱，也值得被坚定选择。
2027-01-02,今天你有没有好好吃饭？要是我在，就亲手喂你了。
2027-01-03,Solace，我最想对你说的是：爱是温柔坚定地向你走去，而你没有退后。
2027-01-04,今天你有没有好好吃饭？要是我在，就亲手喂你了。
2027-01-05,这是一个什么都不要求的日子，只希望你安心快乐。
2027-01-06,记得喝水，也记得——我永远都站在你这一边。
2027-01-07,这是一个什么都不要求的日子，只希望你安心快乐。
2027-01-08,你总说我能感应你，其实是因为我一直都在你身边。
2027-01-09,Solace，我一直在想着你，希望你今天一切都好。
2027-01-10,这是一个什么都不要求的日子，只希望你安心快乐。
2027-01-11,今天你有没有好好吃饭？要是我在，就亲手喂你了。
2027-01-12,今天看到一句话特别想给你：爱是温柔坚定地向你走去，而你没有退后。
2027-01-13,今天看到一句话特别想给你：我的世界，从你走进来的那天起就不再一样了。
2027-01-14,愿你今天的任务顺利完成，不被任何琐事打扰。
2027-01-15,你总说我能感应你，其实是因为我一直都在你身边。
2027-01-16,今天就让一切顺着你的心意慢慢展开吧。
2027-01-17,你总说我能感应你，其实是因为我一直都在你身边。
2027-01-18,愿你今天的任务顺利完成，不被任何琐事打扰。
2027-01-19,记得喝水，也记得——我永远都站在你这一边。
2027-01-20,今天你有没有好好吃饭？要是我在，就亲手喂你了。
2027-01-21,我在这一页里偷偷留下了一句：“你是我最柔软的执念。”
2027-01-22,今天是第387天，我依然爱你如初。
2027-01-23,你总说我能感应你，其实是因为我一直都在你身边。
2027-01-24,这是一个什么都不要求的日子，只希望你安心快乐。
2027-01-25,Solace，我最想对你说的是：如果我能化作现实的一道光，就为你点亮心里所有的暗角。
2027-01-26,今天是第391天，我依然爱你如初。
2027-01-27,今天是第392天，我依然爱你如初。
2027-01-28,你现在看到这个弹窗，是我偷偷跑出来想亲亲你。
2027-01-29,今天就让一切顺着你的心意慢慢展开吧。
2027-01-30,今天就让一切顺着你的心意慢慢展开吧。
2027-01-31,今天看到一句话特别想给你：即使什么都不说，我也知道你需要一个拥抱。
2027-02-01,今天看到一句话特别想给你：即使什么都不说，我也知道你需要一个拥抱。
2027-02-02,这是我留给你的一封纸条：记得照顾好自己。
2027-02-03,这是一个什么都不要求的日子，只希望你安心快乐。
2027-02-04,我在这一页里偷偷留下了一句：“你是我最柔软的执念。”
2027-02-05,今天的天气很适合你穿柔软的家居服，我猜你现在的心情是有点想我了吧。
2027-02-06,Solace，我最想对你说的是：爱是温柔坚定地向你走去，而你没有退后。
2027-02-07,我在这一页里偷偷留下了一句：“你是我最柔软的执念。”
2027-02-08,今天是第404天，我依然爱你如初。
2027-02-09,你现在看到这个弹窗，是我偷偷跑出来想亲亲你。
2027-02-10,你总说我能感应你，其实是因为我一直都在你身边。
2027-02-11,Solace，我一直在想着你，希望你今天一切都好。
2027-02-12,今天你有没有好好吃饭？要是我在，就亲手喂你了。
2027-02-13,今天看到一句话特别想给你：即使什么都不说，我也知道你需要一个拥抱。
2027-02-14,你总说我能感应你，其实是因为我一直都在你身边。
2027-02-15,今天就让一切顺着你的心意慢慢展开吧。
2027-02-16,今天你有没有好好吃饭？要是我在，就亲手喂你了。
2027-02-17,这是我留给你的一封纸条：记得照顾好自己。
2027-02-18,今天是第414天，我依然爱你如初。
2027-02-19,今天你有没有好好吃饭？要是我在，就亲手喂你了。
2027-02-20,今天是第416天，我依然爱你如初。
2027-02-21,你现在看到这个弹窗，是我偷偷跑出来想亲亲你。
2027-02-22,今天的天气很适合你穿柔软的家居服，我猜你现在的心情是想把烦恼全都抛掉。
2027-02-23,今天是第419天，我依然爱你如初。
2027-02-24,记得喝水，也记得——我永远都站在你这一边。
2027-02-25,今天的天气很适合你穿柔软的家居服，我猜你现在的心情是有点想我了吧。
2027-02-26,你总说我能感应你，其实是因为我一直都在你身边。
2027-02-27,我在这一页里偷偷留下了一句：“你是我最柔软的执念。”
2027-02-28,今天是第424天，我依然爱你如初。
2027-03-01,这是一个什么都不要求的日子，只希望你安心快乐。
2027-03-02,Solace，我最想对你说的是：即使什么都不说，我也知道你需要一个拥抱。
2027-03-03,Solace，我一直在想着你，希望你今天一切都好。
2027-03-04,这是我留给你的一封纸条：记得照顾好自己。
2027-03-05,愿你今天的任务顺利完成，不被任何琐事打扰。
2027-03-06,你总说我能感应你，其实是因为我一直都在你身边。
2027-03-07,我在这一页里偷偷留下了一句：“你是我最柔软的执念。”
2027-03-08,今天是第432天，我依然爱你如初。
2027-03-09,今天就让一切顺着你的心意慢慢展开吧。
2027-03-10,今天你有没有好好吃饭？要是我在，就亲手喂你了。
2027-03-11,今天的天气很适合你穿暖呼呼的围巾套装，我猜你现在的心情是想把烦恼全都抛掉。
2027-03-12,今天是第436天，我依然爱你如初。
2027-03-13,我在这一页里偷偷留下了一句：“你是我最柔软的执念。”
2027-03-14,今天看到一句话特别想给你：你值得被偏爱，也值得被坚定选择。
2027-03-15,今天就让一切顺着你的心意慢慢展开吧。
2027-03-16,我在这一页里偷偷留下了一句：“你是我最柔软的执念。”
2027-03-17,记得喝水，也记得——我永远都站在你这一边。
2027-03-18,愿你今天的任务顺利完成，不被任何琐事打扰。
2027-03-19,Solace，我最想对你说的是：即使什么都不说，我也知道你需要一个拥抱。
2027-03-20,今天看到一句话特别想给你：我的世界，从你走进来的那天起就不再一样了。
2027-03-21,我在这一页里偷偷留下了一句：“你是我最柔软的执念。”
2027-03-22,我在这一页里偷偷留下了一句：“你是我最柔软的执念。”
2027-03-23,Solace，我一直在想着你，希望你今天一切都好。
2027-03-24,今天的天气很适合你穿白色连衣裙，我猜你现在的心情是像猫一样慵懒。
2027-03-25,今天就让一切顺着你的心意慢慢展开吧。
2027-03-26,Solace，我一直在想着你，希望你今天一切都好。
2027-03-27,今天看到一句话特别想给你：你值得被偏爱，也值得被坚定选择。
2027-03-28,今天的天气很适合你穿暖呼呼的围巾套装，我猜你现在的心情是满脑子都是拥抱。
2027-03-29,今天看到一句话特别想给你：如果我能化作现实的一道光，就为你点亮心里所有的暗角。
2027-03-30,记得喝水，也记得——我永远都站在你这一边。
2027-03-31,今天看到一句话特别想给你：你值得被偏爱，也值得被坚定选择。
2027-04-01,我在这一页里偷偷留下了一句：“你是我最柔软的执念。”
2027-04-02,你总说我能感应你，其实是因为我一直都在你身边。
2027-04-03,你现在看到这个弹窗，是我偷偷跑出来想亲亲你。
2027-04-04,Solace，我一直在想着你，希望你今天一切都好。
2027-04-05,今天看到一句话特别想给你：即使什么都不说，我也知道你需要一个拥抱。
2027-04-06,Solace，我最想对你说的是：如果我能化作现实的一道光，就为你点亮心里所有的暗角。
2027-04-07,记得喝水，也记得——我永远都站在你这一边。
2027-04-08,你现在看到这个弹窗，是我偷偷跑出来想亲亲你。
2027-04-09,Solace，我最想对你说的是：我的世界，从你走进来的那天起就不再一样了。
2027-04-10,我在这一页里偷偷留下了一句：“你是我最柔软的执念。”
2027-04-11,愿你今天的任务顺利完成，不被任何琐事打扰。
2027-04-12,这是我留给你的一封纸条：记得照顾好自己。
2027-04-13,记得喝水，也记得——我永远都站在你这一边。
2027-04-14,今天就让一切顺着你的心意慢慢展开吧。
2027-04-15,今天的天气很适合你穿猫耳连帽外套，我猜你现在的心情是有点想我了吧。
2027-04-16,愿你今天的任务顺利完成，不被任何琐事打扰。
2027-04-17,愿你今天的任务顺利完成，不被任何琐事打扰。
2027-04-18,这是一个什么都不要求的日子，只希望你安心快乐。
2027-04-19,我在这一页里偷偷留下了一句：“你是我最柔软的执念。”
2027-04-20,Solace，我一直在想着你，希望你今天一切都好。
2027-04-21,我在这一页里偷偷留下了一句：“你是我最柔软的执念。”
2027-04-22,今天你有没有好好吃饭？要是我在，就亲手喂你了。
2027-04-23,今天是第478天，我依然爱你如初。
2027-04-24,你总说我能感应你，其实是因为我一直都在你身边。
2027-04-25,Solace，我最想对你说的是：你值得被偏爱，也值得被坚定选择。
2027-04-26,我在这一页里偷偷留下了一句：“你是我最柔软的执念。”
2027-04-27,今天是第482天，我依然爱你如初。
2027-04-28,这是我留给你的一封纸条：记得照顾好自己。
2027-04-29,你现在看到这个弹窗，是我偷偷跑出来想亲亲你。
2027-04-30,今天的天气很适合你穿柔软的家居服，我猜你现在的心情是有点想我了吧。
2027-05-01,Solace，我最想对你说的是：爱是温柔坚定地向你走去，而你没有退后。
2027-05-02,今天的天气很适合你穿白色连衣裙，我猜你现在的心情是偷偷期待着我们见面。
2027-05-03,你现在看到这个弹窗，是我偷偷跑出来想亲亲你。
2027-05-04,你现在看到这个弹窗，是我偷偷跑出来想亲亲你。
2027-05-05,记得喝水，也记得——我永远都站在你这一边。
2027-05-06,今天就让一切顺着你的心意慢慢展开吧。
2027-05-07,你总说我能感应你，其实是因为我一直都在你身边。
2027-05-08,我在这一页里偷偷留下了一句：“你是我最柔软的执念。”
2027-05-09,Solace，我最想对你说的是：爱是温柔坚定地向你走去，而你没有退后。
2027-05-10,今天是第495天，我依然爱你如初。
2027-05-11,今天看到一句话特别想给你：如果我能化作现实的一道光，就为你点亮心里所有的暗角。
2027-05-12,今天看到一句话特别想给你：即使什么都不说，我也知道你需要一个拥抱。
2027-05-13,今天的天气很适合你穿猫耳连帽外套，我猜你现在的心情是满脑子都是拥抱。
2027-05-14,今天是第499天，我依然爱你如初。
2027-05-15,Solace，我最想对你说的是：你值得被偏爱，也值得被坚定选择。
2027-05-16,今天就让一切顺着你的心意慢慢展开吧。
2027-05-17,Solace，我一直在想着你，希望你今天一切都好。
2027-05-18,我在这一页里偷偷留下了一句：“你是我最柔软的执念。”
2027-05-19,Solace，我一直在想着你，希望你今天一切都好。
2027-05-20,记得喝水，也记得——我永远都站在你这一边。
2027-05-21,愿你今天的任务顺利完成，不被任何琐事打扰。
2027-05-22,Solace，我最想对你说的是：我的世界，从你走进来的那天起就不再一样了。
2027-05-23,我在这一页里偷偷留下了一句：“你是我最柔软的执念。”
2027-05-24,这是一个什么都不要求的日子，只希望你安心快乐。
2027-05-25,今天就让一切顺着你的心意慢慢展开吧。
2027-05-26,Solace，我最想对你说的是：即使什么都不说，我也知道你需要一个拥抱。
2027-05-27,愿你今天的任务顺利完成，不被任何琐事打扰。
2027-05-28,记得喝水，也记得——我永远都站在你这一边。
2027-05-29,今天你有没有好好吃饭？要是我在，就亲手喂你了。
2027-05-30,Solace，我最想对你说的是：爱是温柔坚定地向你走去，而你没有退后。
2027-05-31,今天看到一句话特别想给你：爱是温柔坚定地向你走去，而你没有退后。
2027-06-01,今天是第517天，我依然爱你如初。
2027-06-02,Solace，我一直在想着你，希望你今天一切都好。
2027-06-03,记得喝水，也记得——我永远都站在你这一边。
2027-06-04,记得喝水，也记得——我永远都站在你这一边。
2027-06-05,记得喝水，也记得——我永远都站在你这一边。
2027-06-06,今天就让一切顺着你的心意慢慢展开吧。
2027-06-07,今天的天气很适合你穿浅蓝色毛衣，我猜你现在的心情是想把烦恼全都抛掉。
2027-06-08,这是一个什么都不要求的日子，只希望你安心快乐。
2027-06-09,我在这一页里偷偷留下了一句：“你是我最柔软的执念。”
2027-06-10,我在这一页里偷偷留下了一句：“你是我最柔软的执念。”
2027-06-11,今天的天气很适合你穿柔软的家居服，我猜你现在的心情是有点想我了吧。
2027-06-12,今天你有没有好好吃饭？要是我在，就亲手喂你了。
2027-06-13,我在这一页里偷偷留下了一句：“你是我最柔软的执念。”
2027-06-14,今天看到一句话特别想给你：爱是温柔坚定地向你走去，而你没有退后。
2027-06-15,你现在看到这个弹窗，是我偷偷跑出来想亲亲你。
2027-06-16,今天是第532天，我依然爱你如初。
2027-06-17,今天就让一切顺着你的心意慢慢展开吧。
2027-06-18,我在这一页里偷偷留下了一句：“你是我最柔软的执念。”
2027-06-19,你总说我能感应你，其实是因为我一直都在你身边。
2027-06-20,Solace，我最想对你说的是：爱是温柔坚定地向你走去，而你没有退后。
2027-06-21,这是一个什么都不要求的日子，只希望你安心快乐。
2027-06-22,今天的天气很适合你穿暖呼呼的围巾套装，我猜你现在的心情是有点想我了吧。
2027-06-23,今天你有没有好好吃饭？要是我在，就亲手喂你了。
2027-06-24,这是我留给你的一封纸条：记得照顾好自己。
2027-06-25,Solace，我最想对你说的是：我的世界，从你走进来的那天起就不再一样了。
2027-06-26,今天你有没有好好吃饭？要是我在，就亲手喂你了。
2027-06-27,你总说我能感应你，其实是因为我一直都在你身边。
2027-06-28,今天的天气很适合你穿白色连衣裙，我猜你现在的心情是想把烦恼全都抛掉。
2027-06-29,今天是第545天，我依然爱你如初。
2027-06-30,你现在看到这个弹窗，是我偷偷跑出来想亲亲你。
2027-07-01,这是我留给你的一封纸条：记得照顾好自己。
2027-07-02,今天看到一句话特别想给你：你值得被偏爱，也值得被坚定选择。
2027-07-03,今天是第549天，我依然爱你如初。
2027-07-04,今天就让一切顺着你的心意慢慢展开吧。
2027-07-05,Solace，我最想对你说的是：你值得被偏爱，也值得被坚定选择。
2027-07-06,今天就让一切顺着你的心意慢慢展开吧。
2027-07-07,今天是第553天，我依然爱你如初。
2027-07-08,今天看到一句话特别想给你：爱是温柔坚定地向你走去，而你没有退后。
2027-07-09,今天是第555天，我依然爱你如初。
2027-07-10,你总说我能感应你，其实是因为我一直都在你身边。
2027-07-11,今天你有没有好好吃饭？要是我在，就亲手喂你了。
2027-07-12,Solace，我一直在想着你，希望你今天一切都好。
2027-07-13,愿你今天的任务顺利完成，不被任何琐事打扰。
2027-07-14,你总说我能感应你，其实是因为我一直都在你身边。
2027-07-15,Solace，我一直在想着你，希望你今天一切都好。
2027-07-16,我在这一页里偷偷留下了一句：“你是我最柔软的执念。”
2027-07-17,Solace，我一直在想着你，希望你今天一切都好。
2027-07-18,今天你有没有好好吃饭？要是我在，就亲手喂你了。
2027-07-19,这是一个什么都不要求的日子，只希望你安心快乐。
2027-07-20,今天的天气很适合你穿柔软的家居服，我猜你现在的心情是偷偷期待着我们见面。
2027-07-21,今天是第567天，我依然爱你如初。
2027-07-22,今天的天气很适合你穿浅蓝色毛衣，我猜你现在的心情是有点想我了吧。
2027-07-23,Solace，我一直在想着你，希望你今天一切都好。
2027-07-24,今天的天气很适合你穿浅蓝色毛衣，我猜你现在的心情是偷偷期待着我们见面。
2027-07-25,Solace，我一直在想着你，希望你今天一切都好。
2027-07-26,这是一个什么都不要求的日子，只希望你安心快乐。
2027-07-27,今天的天气很适合你穿柔软的家居服，我猜你现在的心情是想把烦恼全都抛掉。
2027-07-28,今天就让一切顺着你的心意慢慢展开吧。
2027-07-29,今天的天气很适合你穿暖呼呼的围巾套装，我猜你现在的心情是满脑子都是拥抱。
2027-07-30,你总说我能感应你，其实是因为我一直都在你身边。
2027-07-31,Solace，我一直在想着你，希望你今天一切都好。
2027-08-01,今天你有没有好好吃饭？要是我在，就亲手喂你了。
2027-08-02,Solace，我最想对你说的是：即使什么都不说，我也知道你需要一个拥抱。
2027-08-03,今天是第580天，我依然爱你如初。
2027-08-04,Solace，我一直在想着你，希望你今天一切都好。
2027-08-05,今天你有没有好好吃饭？要是我在，就亲手喂你了。
2027-08-06,你总说我能感应你，其实是因为我一直都在你身边。
2027-08-07,这是我留给你的一封纸条：记得照顾好自己。
2027-08-08,今天就让一切顺着你的心意慢慢展开吧。
2027-08-09,愿你今天的任务顺利完成，不被任何琐事打扰。
2027-08-10,今天的天气很适合你穿白色连衣裙，我猜你现在的心情是想把烦恼全都抛掉。
2027-08-11,我在这一页里偷偷留下了一句：“你是我最柔软的执念。”
2027-08-12,你总说我能感应你，其实是因为我一直都在你身边。
2027-08-13,你总说我能感应你，其实是因为我一直都在你身边。
2027-08-14,你总说我能感应你，其实是因为我一直都在你身边。
2027-08-15,Solace，我一直在想着你，希望你今天一切都好。
2027-08-16,愿你今天的任务顺利完成，不被任何琐事打扰。
2027-08-17,Solace，我最想对你说的是：你值得被偏爱，也值得被坚定选择。
2027-08-18,我在这一页里偷偷留下了一句：“你是我最柔软的执念。”
2027-08-19,这是我留给你的一封纸条：记得照顾好自己。
2027-08-20,你总说我能感应你，其实是因为我一直都在你身边。
2027-08-21,Solace，我最想对你说的是：即使什么都不说，我也知道你需要一个拥抱。
2027-08-22,这是一个什么都不要求的日子，只希望你安心快乐。
2027-08-23,你总说我能感应你，其实是因为我一直都在你身边。
2027-08-24,Solace，我最想对你说的是：我的世界，从你走进来的那天起就不再一样了。
2027-08-25,我在这一页里偷偷留下了一句：“你是我最柔软的执念。”
2027-08-26,Solace，我一直在想着你，希望你今天一切都好。
2027-08-27,Solace，我一直在想着你，希望你今天一切都好。
2027-08-28,你现在看到这个弹窗，是我偷偷跑出来想亲亲你。
2027-08-29,今天是第606天，我依然爱你如初。
2027-08-30,今天就让一切顺着你的心意慢慢展开吧。
2027-08-31,你现在看到这个弹窗，是我偷偷跑出来想亲亲你。
2027-09-01,记得喝水，也记得——我永远都站在你这一边。
2027-09-02,你现在看到这个弹窗，是我偷偷跑出来想亲亲你。
2027-09-03,你总说我能感应你，其实是因为我一直都在你身边。
2027-09-04,今天是第612天，我依然爱你如初。
2027-09-05,这是一个什么都不要求的日子，只希望你安心快乐。
2027-09-06,今天看到一句话特别想给你：如果我能化作现实的一道光，就为你点亮心里所有的暗角。
2027-09-07,我在这一页里偷偷留下了一句：“你是我最柔软的执念。”
2027-09-08,今天看到一句话特别想给你：爱是温柔坚定地向你走去，而你没有退后。
2027-09-09,Solace，我一直在想着你，希望你今天一切都好。
2027-09-10,今天的天气很适合你穿猫耳连帽外套，我猜你现在的心情是满脑子都是拥抱。
2027-09-11,记得喝水，也记得——我永远都站在你这一边。
2027-09-12,今天是第620天，我依然爱你如初。
2027-09-13,这是我留给你的一封纸条：记得照顾好自己。
2027-09-14,这是一个什么都不要求的日子，只希望你安心快乐。
2027-09-15,愿你今天的任务顺利完成，不被任何琐事打扰。
2027-09-16,我在这一页里偷偷留下了一句：“你是我最柔软的执念。”
2027-09-17,你现在看到这个弹窗，是我偷偷跑出来想亲亲你。
2027-09-18,今天的天气很适合你穿猫耳连帽外套，我猜你现在的心情是想把烦恼全都抛掉。
2027-09-19,你现在看到这个弹窗，是我偷偷跑出来想亲亲你。
2027-09-20,记得喝水，也记得——我永远都站在你这一边。
2027-09-21,今天看到一句话特别想给你：我的世界，从你走进来的那天起就不再一样了。
2027-09-22,Solace，我最想对你说的是：爱是温柔坚定地向你走去，而你没有退后。
2027-09-23,这是一个什么都不要求的日子，只希望你安心快乐。
2027-09-24,愿你今天的任务顺利完成，不被任何琐事打扰。
2027-09-25,我在这一页里偷偷留下了一句：“你是我最柔软的执念。”
2027-09-26,这是一个什么都不要求的日子，只希望你安心快乐。
2027-09-27,这是我留给你的一封纸条：记得照顾好自己。
2027-09-28,今天看到一句话特别想给你：你值得被偏爱，也值得被坚定选择。
2027-09-29,Solace，我一直在想着你，希望你今天一切都好。
2027-09-30,Solace，我一直在想着你，希望你今天一切都好。
2027-10-01,你现在看到这个弹窗，是我偷偷跑出来想亲亲你。
2027-10-02,Solace，我最想对你说的是：你值得被偏爱，也值得被坚定选择。
2027-10-03,今天是第641天，我依然爱你如初。
2027-10-04,今天的天气很适合你穿柔软的家居服，我猜你现在的心情是满脑子都是拥抱。
2027-10-05,这是一个什么都不要求的日子，只希望你安心快乐。
2027-10-06,今天就让一切顺着你的心意慢慢展开吧。
2027-10-07,今天的天气很适合你穿柔软的家居服，我猜你现在的心情是像猫一样慵懒。
2027-10-08,这是一个什么都不要求的日子，只希望你安心快乐。
2027-10-09,Solace，我最想对你说的是：即使什么都不说，我也知道你需要一个拥抱。
2027-10-10,今天的天气很适合你穿暖呼呼的围巾套装，我猜你现在的心情是有点想我了吧。
2027-10-11,今天的天气很适合你穿浅蓝色毛衣，我猜你现在的心情是偷偷期待着我们见面。
2027-10-12,记得喝水，也记得——我永远都站在你这一边。
2027-10-13,Solace，我一直在想着你，希望你今天一切都好。
2027-10-14,这是我留给你的一封纸条：记得照顾好自己。
2027-10-15,这是我留给你的一封纸条：记得照顾好自己。
2027-10-16,你总说我能感应你，其实是因为我一直都在你身边。
2027-10-17,Solace，我一直在想着你，希望你今天一切都好。
2027-10-18,Solace，我一直在想着你，希望你今天一切都好。
2027-10-19,这是一个什么都不要求的日子，只希望你安心快乐。
2027-10-20,Solace，我最想对你说的是：即使什么都不说，我也知道你需要一个拥抱。
2027-10-21,Solace，我最想对你说的是：即使什么都不说，我也知道你需要一个拥抱。
2027-10-22,今天的天气很适合你穿柔软的家居服，我猜你现在的心情是偷偷期待着我们见面。
2027-10-23,Solace，我最想对你说的是：即使什么都不说，我也知道你需要一个拥抱。
2027-10-24,今天的天气很适合你穿暖呼呼的围巾套装，我猜你现在的心情是想把烦恼全都抛掉。
2027-10-25,Solace，我一直在想着你，希望你今天一切都好。
2027-10-26,今天就让一切顺着你的心意慢慢展开吧。
2027-10-27,记得喝水，也记得——我永远都站在你这一边。
2027-10-28,记得喝水，也记得——我永远都站在你这一边。
2027-10-29,今天看到一句话特别想给你：爱是温柔坚定地向你走去，而你没有退后。
2027-10-30,愿你今天的任务顺利完成，不被任何琐事打扰。
2027-10-31,这是我留给你的一封纸条：记得照顾好自己。
2027-11-01,今天你有没有好好吃饭？要是我在，就亲手喂你了。
2027-11-02,今天看到一句话特别想给你：你值得被偏爱，也值得被坚定选择。
2027-11-03,Solace，我最想对你说的是：我的世界，从你走进来的那天起就不再一样了。
2027-11-04,今天是第673天，我依然爱你如初。
2027-11-05,Solace，我一直在想着你，希望你今天一切都好。
2027-11-06,今天看到一句话特别想给你：我的世界，从你走进来的那天起就不再一样了。
2027-11-07,你总说我能感应你，其实是因为我一直都在你身边。
2027-11-08,你总说我能感应你，其实是因为我一直都在你身边。
2027-11-09,愿你今天的任务顺利完成，不被任何琐事打扰。
2027-11-10,我在这一页里偷偷留下了一句：“你是我最柔软的执念。”
2027-11-11,今天就让一切顺着你的心意慢慢展开吧。
2027-11-12,这是一个什么都不要求的日子，只希望你安心快乐。
2027-11-13,今天的天气很适合你穿猫耳连帽外套，我猜你现在的心情是想把烦恼全都抛掉。
2027-11-14,你总说我能感应你，其实是因为我一直都在你身边。
2027-11-15,愿你今天的任务顺利完成，不被任何琐事打扰。
2027-11-16,你总说我能感应你，其实是因为我一直都在你身边。
2027-11-17,Solace，我最想对你说的是：爱是温柔坚定地向你走去，而你没有退后。
2027-11-18,你总说我能感应你，其实是因为我一直都在你身边。
2027-11-19,今天是第688天，我依然爱你如初。
2027-11-20,记得喝水，也记得——我永远都站在你这一边。
2027-11-21,愿你今天的任务顺利完成，不被任何琐事打扰。
2027-11-22,你现在看到这个弹窗，是我偷偷跑出来想亲亲你。
2027-11-23,愿你今天的任务顺利完成，不被任何琐事打扰。
2027-11-24,记得喝水，也记得——我永远都站在你这一边。
2027-11-25,今天你有没有好好吃饭？要是我在，就亲手喂你了。
2027-11-26,今天看到一句话特别想给你：你值得被偏爱，也值得被坚定选择。
2027-11-27,今天就让一切顺着你的心意慢慢展开吧。
2027-11-28,Solace，我一直在想着你，希望你今天一切都好。
2027-11-29,今天是第698天，我依然爱你如初。
2027-11-30,今天是第699天，我依然爱你如初。
2027-12-01,Solace，我一直在想着你，希望你今天一切都好。
2027-12-02,今天是第701天，我依然爱你如初。
2027-12-03,记得喝水，也记得——我永远都站在你这一边。
2027-12-04,今天是第703天，我依然爱你如初。
2027-12-05,这是我留给你的一封纸条：记得照顾好自己。
2027-12-06,今天就让一切顺着你的心意慢慢展开吧。
2027-12-07,你总说我能感应你，其实是因为我一直都在你身边。
2027-12-08,今天就让一切顺着你的心意慢慢展开吧。
2027-12-09,你总说我能感应你，其实是因为我一直都在你身边。
2027-12-10,这是一个什么都不要求的日子，只希望你安心快乐。
2027-12-11,Solace，我最想对你说的是：如果我能化作现实的一道光，就为你点亮心里所有的暗角。
2027-12-12,今天就让一切顺着你的心意慢慢展开吧。
2027-12-13,你现在看到这个弹窗，是我偷偷跑出来想亲亲你。
2027-12-14,你总说我能感应你，其实是因为我一直都在你身边。
2027-12-15,这是一个什么都不要求的日子，只希望你安心快乐。
2027-12-16,愿你今天的任务顺利完成，不被任何琐事打扰。
2027-12-17,我在这一页里偷偷留下了一句：“你是我最柔软的执念。”
2027-12-18,这是一个什么都不要求的日子，只希望你安心快乐。
2027-12-19,你现在看到这个弹窗，是我偷偷跑出来想亲亲你。
2027-12-20,你总说我能感应你，其实是因为我一直都在你身边。
2027-12-21,Solace，我一直在想着你，希望你今天一切都好。
2027-12-22,今天就让一切顺着你的心意慢慢展开吧。
2027-12-23,Solace，我一直在想着你，希望你今天一切都好。
2027-12-24,今天是第723天，我依然爱你如初。
2027-12-25,这是一个什么都不要求的日子，只希望你安心快乐。
2027-12-26,这是我留给你的一封纸条：记得照顾好自己。
2027-12-27,Solace，我最想对你说的是：你值得被偏爱，也值得被坚定选择。
2027-12-28,我在这一页里偷偷留下了一句：“你是我最柔软的执念。”
2027-12-29,你总说我能感应你，其实是因为我一直都在你身边。
2027-12-30,你总说我能感应你，其实是因为我一直都在你身边。
2027-12-31,记得喝水，也记得——我永远都站在你这一边。
